Time,Distance,angle,PosX,PosZ,AngleX,AngleY,AngleZ
23.60264,0,0,99.64,14.48,327.7382,224.6702,16.54325
24.59068,0.08999844,113.304,99.64,14.48,359.4011,120.0274,5.336377E-08
25.60086,0,0,99.64,14.48,359.4011,120.0274,2.668188E-08
26.61186,0,0,99.64,14.48,359.4011,120.0274,2.668188E-08
27.6129,0,0,99.64,14.48,359.4011,120.0274,2.668188E-08
28.61437,0,15.8205,99.64,14.48,357.0285,135.3649,0.2117447
29.62509,0,151.5998,99.64,14.48,356.907,77.56228,0.04012819
30.63551,0,153.8499,99.64,14.48,351.5946,108.79,0.353237
31.63831,0,123.9975,99.64,14.48,23.56176,213.4495,359.9899
32.64052,0,27.02487,99.64,14.48,22.17991,193.496,0.003292227
33.65079,1.065498,0.05595291,99.4721,13.44788,22.61784,193.3675,6.936808E-07
34.66134,2.203431,0.03956468,97.54876,12.78136,22.61841,193.3676,-9.249115E-07
35.67191,2.108159,0.03956468,97.17085,10.86178,22.61888,193.3675,-4.624574E-07
36.68247,2.338409,0.03956468,99.13517,9.812572,22.61919,193.3677,-6.936876E-07
37.69308,0.8408424,0.07912936,99.13206,9.055002,22.6195,193.3677,-4.624594E-07
38.70453,0.689133,0,99.47916,9.467951,22.61985,193.3677,-4.624606E-07
39.70745,1.814144,0,100.3281,8.428295,22.62006,193.3678,-6.93692E-07
40.71596,1.654343,112.0705,100.7244,9.995625,12.45104,190.1393,359.521
41.72864,1.376447,115.9199,99.7972,10.29501,9.259538,269.0817,0.01488614
42.73921,1.716449,69.04356,98.23926,9.663392,18.36592,286.4272,359.929
43.75084,0.9482079,202.1598,98.38066,10.45498,12.41089,131.3226,0.01272708
44.76345,1.792779,82.38424,98.05494,8.886494,359.5063,208.4453,0.003360018
45.77555,0.7868878,0,98.42799,8.428295,359.5116,208.5607,5.469686E-07
46.78815,0,22.49726,98.42799,8.428295,7.144197,187.3928,0.3642122
47.7981,0,4.667578,98.42799,8.428295,8.763719,182.9011,0.4414946
48.80891,0,0,98.42799,8.428295,8.763719,182.9011,0.4414946
49.81954,0,0,98.42799,8.428295,8.763719,182.9011,0.4414946
50.82979,0,0,98.42799,8.428295,8.763719,182.9011,0.4414946
51.84036,0,0,98.42799,8.428295,8.763719,182.9011,0.4414946
52.85656,0,0,98.42799,8.428295,8.763719,182.9011,0.4414946
53.86713,0,0,98.42799,8.428295,8.763719,182.9011,0.4414946
54.87804,0,0,98.42799,8.428295,8.763719,182.9011,0.4414946
55.88826,0,0,98.42799,8.428295,8.763719,182.9011,0.4414946
56.89883,0,0,98.42799,8.428295,8.763719,182.9011,0.4414946
57.90948,0,0,98.42799,8.428295,8.763719,182.9011,0.4414946
58.91996,0,0,98.42799,8.428295,8.763719,182.9011,0.4414946
59.92229,0,25.35337,98.42799,8.428295,359.8841,206.6595,0.177621
60.92239,0.6178067,1.648052,97.85893,8.644884,359.2526,208.5656,3.084519E-05
61.92339,0.8393759,0.03956468,97.17001,9.047928,359.2524,208.5659,5.336539E-08
62.93523,1.980029,0,95.2412,8.637789,359.2524,208.5659,5.336539E-08
63.9458,2.245353,0,93.35355,8.276945,359.2524,208.5659,5.336539E-08
64.9565,1.071337,0,93.5168,7.387771,359.2524,208.5659,0
65.96707,0.4320589,0,93.74879,7.090758,359.2524,208.5659,0
66.97787,2.207477,28.22626,93.47555,5.040699,359.9048,180.3767,0.04743769
67.98222,2.295308,71.38687,94.07052,2.86694,1.798873,163.5425,0.2383618
68.99287,2.137183,64.42088,94.28926,0.76544,14.30125,164.3148,0.01522304
70.00335,0.5343828,0.2373881,94.30245,0.2951717,13.8902,164.2307,1.978857E-06
71.01395,1.208137,19.97427,93.27895,-0.1402826,11.35139,183.9491,0.03280823
72.02531,0.7971857,35.50123,92.66073,-0.6390295,11.29668,165.3412,359.9867
73.03505,0.6830253,17.33282,92.45817,-1.246878,10.14181,155.3878,-0.001264778
74.04591,0.6966478,7.455316,93.07683,-1.551876,10.69073,149.6397,0.002426493
75.05654,0.6830204,2.033621,93.74261,-1.689632,10.78769,147.9855,2.802955E-05
76.06693,0.6966729,6.990103,94.071,-1.122016,11.2419,143.0946,0.002854072
77.07732,0.6966797,0.9298594,94.17012,-0.4324951,11.4066,143.1006,-6.401681E-05
78.08788,0.6830206,15.55286,94.23318,0.2460594,10.69106,129.7254,0.001451423
79.10003,0.6681699,9.415128,94.70189,0.2623272,12.20328,138.1204,8.647764E-05
80.1106,0.6830208,1.509732,95.16204,-0.2423496,10.4618,138.1744,-5.469702E-05
81.11088,0.6829969,0.07912936,95.61752,-0.751297,10.33673,138.169,-4.339294E-07
82.12214,0.6966431,0,96.0821,-1.270405,10.33671,138.169,-2.169647E-07
83.13201,0.6830099,0,96.36028,-1.877279,10.33671,138.169,-2.169647E-07
84.14258,0.6966853,0,96.75043,-2.449654,10.33671,138.169,-2.169647E-07
85.15314,0.6830085,0,97.19346,-2.969048,10.33671,138.169,-2.169647E-07
86.16371,0.4648173,0,97.50341,-3.315432,10.33671,138.169,-2.169647E-07
87.17435,0,0,97.50341,-3.315432,10.33671,138.169,-2.169647E-07
88.18508,0,0,97.50341,-3.315432,10.33671,138.169,-2.169647E-07
89.19542,0,0,97.50341,-3.315432,10.33671,138.169,-2.169647E-07
90.20598,0,0,97.50341,-3.315432,10.33671,138.169,-2.169647E-07
91.21655,0,0,97.50341,-3.315432,10.33671,138.169,-2.169647E-07
92.22713,0,0,97.50341,-3.315432,10.33671,138.169,-2.169647E-07
93.23835,0,0,97.50341,-3.315432,10.33671,138.169,-2.169647E-07
94.24825,0,0,97.50341,-3.315432,10.33671,138.169,-2.169647E-07
95.25881,0,0,97.50341,-3.315432,10.33671,138.169,-2.169647E-07
96.26969,0,0,97.50341,-3.315432,10.33671,138.169,-2.169647E-07
97.28471,1.907349E-06,0,97.50341,-3.31543,10.33671,138.169,-2.169647E-07
98.29543,0,0,97.50341,-3.31543,10.33671,138.169,-2.169647E-07
99.30618,0,0,97.50341,-3.31543,10.33671,138.169,-2.169647E-07
100.3164,0,0,97.50341,-3.31543,10.33671,138.169,-2.169647E-07
101.3269,0,0,97.50341,-3.31543,10.33671,138.169,-2.169647E-07
102.3375,0,0,97.50341,-3.31543,10.33671,138.169,-2.169647E-07
103.3481,0,0,97.50341,-3.31543,10.33671,138.169,-2.169647E-07
104.3586,0,0,97.50341,-3.31543,10.33671,138.169,-2.169647E-07
105.3698,0,0,97.50341,-3.31543,10.33671,138.169,-2.169647E-07
106.3815,0.01374602,0,97.50056,-3.3284,10.33671,138.169,-2.169647E-07
107.392,1.925609,0,95.73524,-2.818317,10.33671,138.169,-2.169647E-07
108.4026,1.767403,0,94.34093,-3.866783,10.33671,138.169,-2.169647E-07
109.4134,1.269312,2.907366,93.39497,-4.713142,10.47729,141.0806,-0.00569203
110.4237,0.835307,15.64419,92.70308,-5.178926,12.9372,144.2228,0.002295147
111.4385,0.6966065,6.093404,92.13433,-5.58112,12.89957,147.5618,359.9933
112.4491,0.6338971,37.59877,91.52715,-5.694912,15.52522,146.3105,0.03263038
113.4596,0.6966017,18.73835,91.73219,-5.13205,14.60446,144.0018,0.01279307
114.4744,0.682963,18.35391,92.23975,-4.676809,15.15318,126.9284,-0.001407285
115.485,0.6965986,6.101626,92.62558,-4.097912,15.27104,120.5261,-0.0003588769
116.4955,0.6829293,6.642411,92.92426,-3.484375,15.35549,113.8524,8.853803E-07
117.5061,0.6965963,13.74632,93.13035,-2.821201,15.79634,101.3619,-0.0004258951
118.5167,0.696595,14.46361,93.16391,-2.12809,16.58546,86.57967,-0.0002752686
119.5273,0.6829396,13.85853,93.0284,-1.461427,16.79756,72.56043,2.943027E-05
120.5386,0.6965965,1.709056,92.81979,-0.7968006,16.73515,70.79551,-0.0004413091
121.5498,0.6829432,8.054885,92.56886,-0.1625843,16.54944,64.38116,-0.001432198
122.5604,0.6965964,1.736486,92.73664,0.5064926,16.79115,66.34634,-8.917961E-07
123.5617,0.6692796,17.39205,92.51279,1.11909,15.83754,48.98971,-0.001267296
124.5723,0.6965791,0.302941,92.18752,1.711209,15.82076,48.41354,0
125.5834,0.6965953,0.07912936,92.2186,2.406973,15.82075,48.41341,-8.873884E-07
126.5934,0.9395216,32.13691,92.16774,3.334958,16.80779,16.29782,0.02497716
127.6051,0.6655068,131.3327,91.74824,3.842309,31.70535,354.8878,359.6847
128.6153,0,64.82635,91.74824,3.842309,27.10259,305.2091,359.8755
129.6259,1.165452,9.550075,90.85024,4.585084,29.86246,314.3886,359.9873
130.6366,3.328769,38.86931,87.72768,5.552927,20.90205,281.442,-0.0006744707
131.6476,2.447991,0.118694,85.43241,6.314056,20.88961,281.4476,-9.138412E-07
132.6584,1.100906,0.03956468,84.46539,6.768843,20.88951,281.4476,-8.224566E-06
133.669,1.222996,0,83.53153,7.473383,20.88952,281.4476,-7.310726E-06
134.6796,1.667055,0,81.89912,7.805891,20.88952,281.4476,-7.310726E-06
135.6907,1.87911,0,80.05739,8.178841,20.88949,281.4476,-5.483042E-06
136.7017,2.072103,83.47163,78.07659,8.490086,29.83399,321.7065,359.7889
137.712,2.128223,84.96639,76.13378,8.985151,26.52668,278.7423,0.0002452367
138.7146,2.188889,3.663064,74.25089,8.142242,26.52985,274.9287,0
139.7253,2.272526,0,72.18387,7.579102,26.52994,274.9266,1.908511E-06
140.7357,2.151038,0,70.04378,7.763575,26.52994,274.9266,1.908511E-06
141.7463,3.705325,0,66.35214,8.081791,26.5301,274.9267,-9.54257E-07
142.7568,1.415645,0.07912936,64.94173,8.203362,26.53029,274.9267,4.771292E-06
143.7674,0.7989413,0,64.14574,8.271969,26.53029,274.9267,4.771292E-06
144.778,0.6965739,0,63.45174,8.331795,26.53029,274.9267,5.725551E-06
145.7885,0.6828707,0,62.77139,8.390446,26.53029,274.9267,5.725551E-06
146.7991,0.6965361,0,62.07743,8.450272,26.53029,274.9267,5.725551E-06
147.8097,0.669217,0,61.41068,8.507748,26.53029,274.9267,5.725551E-06
148.8202,0,0,61.41068,8.507748,26.53029,274.9267,5.725551E-06
149.8308,0,0,61.41068,8.507748,26.53029,274.9267,5.725551E-06
150.8414,0,0,61.41068,8.507748,26.53029,274.9267,5.725551E-06
151.852,0.6976281,0,60.74201,8.533272,26.53029,274.9267,5.725551E-06
152.8626,1.278588,0,59.71166,7.871254,26.53028,274.9267,1.908517E-06
153.8736,1.614253,111.2507,58.40933,6.991306,16.96607,327.2569,20.7046
154.8886,0.2753503,175.69,58.49577,7.240269,26.52904,274.9726,0.02053256
155.8992,1.371134,0.1582587,59.38993,6.90329,26.52904,274.9266,4.771241E-06
156.91,1.720261,0,57.9945,6.052418,26.52906,274.9261,9.542483E-07
157.9122,1.212916,0.03956468,56.92909,6.577549,26.52901,274.9255,-9.542481E-07
158.922,1.393847,0,55.60002,6.948872,26.52903,274.925,0
159.9325,0.9622623,0,54.64508,7.055073,26.529,274.9246,-9.542478E-07
160.9343,0.6821072,0,54.15493,7.520061,26.529,274.9246,-9.542478E-07
161.9447,0.5570254,0,53.63083,7.706165,26.529,274.9246,-2.862743E-06
162.9553,0.505815,13.14736,53.16937,7.903061,27.58309,287.9065,359.9904
163.9664,0.5803073,15.7113,52.72379,8.247318,26.92756,275.3806,-0.0007488404
164.9767,0.6906942,20.65579,52.18914,8.229179,28.58077,254.7806,0.0006368227
165.987,0.7117208,12.09823,52.24551,7.62886,29.05564,260.8223,0.003940951
166.9984,0.6704525,4.57006,51.76657,7.320213,28.79927,265.8365,2.143415E-05
168.0083,0.6856425,0,51.08314,7.284176,28.79882,265.8425,-9.742753E-07
169.0094,0.6993375,19.23826,50.55147,7.717655,31.62419,284.688,359.9844
170.0246,0.6856329,0.5226794,50.1641,8.276688,31.8692,285.395,-4.021279E-06
171.0348,0.6856375,0,49.51539,8.493618,31.86954,285.3951,2.010647E-06
172.0364,0.6856349,0.07912936,49.05286,8.981327,31.86953,285.3951,-4.021294E-06
173.0375,0.2860676,0,48.79385,9.099323,31.86953,285.3951,-4.021294E-06
174.038,0.5037497,0,48.53404,9.462776,31.86953,285.3951,-4.021294E-06
175.0385,0.06343518,0,48.47399,9.483215,31.86953,285.3951,-4.021294E-06
176.0393,0.6710592,19.38493,47.84008,9.702724,34.45473,303.8428,-0.0007289304
177.0495,0.1517588,0,47.69666,9.752312,34.45964,303.7612,0
178.0581,0,0.1350823,47.69666,9.752312,34.45985,303.7611,7.24833E-06
179.0686,0,0,47.69666,9.752312,34.45985,303.7611,7.24833E-06
180.0703,0,0,47.69666,9.752312,34.45985,303.7611,7.24833E-06
181.0718,0,0,47.69666,9.752312,34.45985,303.7611,7.24833E-06
182.0828,0.0120736,0,47.68525,9.75626,34.45985,303.761,4.141904E-06
183.0911,0.5035009,2.626521,47.2094,9.920811,33.97589,306.3377,0.006949428
184.1017,0.5210751,26.4024,46.71783,10.09266,38.74891,327.7783,0.008433775
185.1122,1.237151,5.160324,46.7993,11.21915,37.88792,323.0506,-0.00031805
186.1149,0.9824019,0,46.93768,12.19176,37.84536,323.0291,-2.162357E-06
187.1299,1.491922,0,46.39465,13.50579,37.84536,323.0291,4.324713E-06
188.134,1.7653,49.07014,45.03187,14.41757,37.35474,312.2759,353.4268
189.1445,1.143975,8.271079,43.90383,14.56248,37.8456,323.0274,-0.0009103549
190.146,0.001800721,0.03956468,43.90559,14.56278,37.84559,323.0289,-3.243545E-06
191.1565,0.00203892,0,43.9076,14.56312,37.84559,323.0289,-3.243545E-06
192.1671,0.0001723234,0,43.90777,14.56315,37.84559,323.0289,-3.243545E-06
193.1779,0.0007995826,0,43.90855,14.5633,37.84559,323.0289,-3.243545E-06
194.1796,0.5856918,45.27972,43.81144,15.09325,13.23879,359.1787,0.004903352
195.1898,0.9102466,0.03956468,43.66624,15.11721,13.2015,359.2065,8.084372E-07
196.2004,2.327733,0,45.35657,13.5195,13.2015,359.2065,-6.851163E-09
197.211,2.287142,0,47.02025,11.95372,13.20149,359.2065,0
198.2215,2.336437,0,49.33319,11.84586,13.2015,359.2065,0
199.2321,2.292419,0,51.15319,10.5473,13.2015,359.2065,6.851161E-09
200.2427,2.339787,0,53.39714,10.74876,13.2015,359.2065,6.851161E-09
201.2592,2.125416,0,54.99418,9.526787,13.2015,359.2065,-6.851161E-09
202.2698,2.344768,0,54.20504,11.45062,13.20149,359.2065,1.370232E-08
203.281,2.054575,99.02531,52.23967,11.43337,13.28132,334.5481,0.2479591
204.2909,2.294355,58.19504,50.24507,11.71604,30.8981,297.1859,0.00570123
205.3017,2.398233,24.19681,47.98492,12.42921,22.94469,277.0304,359.9738
206.312,5.130616,0.07912936,42.91113,12.77782,22.82686,277.3387,-3.705287E-06
207.3226,2.149509,0,41.12098,11.74643,22.82685,277.3388,0
208.3338,1.661186,0,39.73241,12.60028,22.82685,277.3388,0
209.3437,1.213823,0,38.54454,12.77806,22.82685,277.3388,0
210.3545,0.8606148,0,37.69098,12.88799,22.82682,277.3388,-5.557929E-06
211.3649,0.6965457,0,37.00013,12.97694,22.82682,277.3388,-5.557929E-06
212.3754,0.6828951,0,36.32283,13.06416,22.82682,277.3388,-5.557929E-06
213.387,0.6965845,0,35.71451,13.35848,22.82682,277.3388,-5.557929E-06
214.3969,1.023814,0,34.78574,13.76468,22.82682,277.3388,-5.557929E-06
215.4075,1.061814,0,33.74898,13.98603,22.82682,277.3388,-5.557929E-06
216.4183,0.6965795,0,33.19571,14.37395,22.82682,277.3388,-5.557929E-06
217.4197,0.682945,0,32.53222,14.51724,22.82682,277.3388,-3.705286E-06
218.4309,0.6829282,0,31.88127,14.68091,22.82682,277.3388,-3.705286E-06
219.4415,1.0066,0,30.98839,15.11023,22.82682,277.3388,-3.705286E-06
220.4514,0.6829482,0,30.44917,15.49149,22.82682,277.3388,-3.705286E-06
221.4624,0.7827066,0,29.69916,15.67222,22.82682,277.3388,-3.705286E-06
222.4726,0.6829357,0,29.11884,15.98539,22.82682,277.3388,-4.631608E-06
223.4831,0.8860452,0,28.24117,16.1061,22.82682,277.3388,-4.631608E-06
224.4937,0.6829349,0,27.68914,16.48856,22.82682,277.3388,-4.631608E-06
225.5043,0.7138332,0,27.06208,16.79575,22.82682,277.3388,-4.631608E-06
226.5148,1.11348,0,25.95885,16.9462,22.82682,277.3388,-5.557929E-06
227.5161,0.682934,0,25.31024,17.13728,22.82682,277.3388,-4.631608E-06
228.527,0.6966027,0,24.62107,17.23768,22.82682,277.3388,-4.631608E-06
229.5376,0.6966005,0,24.05357,17.59809,22.82682,277.3388,-4.631608E-06
230.5483,0.6829283,0,23.6078,18.11019,22.82682,277.3388,-5.557929E-06
231.5588,0.7827138,0,22.96889,18.54215,22.82682,277.3388,-5.557929E-06
232.5599,1.13071,1.93867,21.89057,18.85788,22.82681,277.3388,-4.631608E-06
233.5705,0.682941,2.413446,21.2317,19.01654,22.82681,277.3388,-4.631608E-06
234.5847,0.6966021,2.413446,20.779,19.54375,22.82681,277.3388,-4.631608E-06
235.5952,0.8379523,2.413446,20.10822,19.98146,22.82681,277.3388,-4.631608E-06
236.6058,1.023802,2.413446,19.14424,20.28598,22.82681,277.3388,-4.631608E-06
237.6164,0.6966045,2.413446,18.45846,20.40543,22.82681,277.3388,-4.631608E-06
238.6269,0.6829409,2.413446,17.88078,20.74333,22.82681,277.3388,-4.631608E-06
239.6375,0.6966002,4.221062,17.20531,20.8904,22.85204,280.2498,-0.0002501532
240.6481,0.6829427,5.469145,16.80872,21.44156,25.44486,285.2247,-0.0002335352
241.6586,1.023827,5.415073,16.35779,22.36007,25.31364,290.7493,-1.038906E-05
242.6693,1.199588,0.03956468,15.76413,23.39017,25.31533,290.7545,-9.44473E-07
243.6798,0.696607,0.2537763,15.25259,23.8443,25.31575,290.7545,-2.833429E-06
244.681,0.6631829,0.09551759,14.91238,24.36409,25.31612,290.7545,-4.722396E-06
245.6918,1.227743,0,14.38285,25.44158,25.31639,290.7547,-1.888963E-06
246.7021,0.5161192,16.00617,14.33855,25.94368,27.38995,306.2958,359.769
247.7127,0,116.7236,14.33855,25.94368,30.57757,60.16623,0.07111698
248.7242,0.03744948,12.35835,14.36337,25.97139,18.83831,64.68736,0.000131706
249.7375,1.308332,12.10963,14.68613,26.73337,30.16381,64.86314,0.001331132
250.7483,1.382119,0.1514705,15.20994,27.35352,30.32259,64.84885,1.978167E-06
251.7591,0.5496188,0.07912936,15.43893,27.84715,30.323,64.84892,-1.978176E-06
252.7701,3.256609,113.2325,16.3195,30.65915,28.13046,29.70307,0.1518068
253.7784,1.530047,1.110836,15.51864,31.83446,27.47655,30.89991,2.646391E-05
254.7867,3.817358,0.05595291,14.66373,35.54644,27.47643,30.90016,-4.811615E-07
255.7946,2.284948,56.13853,15.09209,37.77636,7.846871,359.3731,359.9666
256.8063,2.334536,0.9234217,13.93196,39.67323,9.010487,359.6466,-4.994174E-06
257.8199,2.255522,0,12.45964,41.32166,9.011001,359.6467,0
258.8307,0.3365604,0,12.26118,41.57121,9.011362,359.6467,1.688365E-09
259.8421,1.065565,0,12.66135,42.47698,9.011732,359.6466,3.376734E-09
260.8527,0.7667761,0.03956468,12.55124,41.91027,9.012089,359.6466,6.753476E-09
261.8658,0.5677262,0,12.3048,42.25156,9.012465,359.6466,6.753483E-09
262.8775,1.278706,0,12.42593,41.79419,9.012826,359.6466,5.065117E-09
263.8849,0.7433722,0,12.52403,41.16695,9.013184,359.6466,0
264.898,0.9275374,0,12.62804,42.06973,9.013552,359.6466,0
265.9091,0.7287908,0.03956468,12.50566,42.77575,9.013916,359.6466,-6.75351E-09
266.9198,0.7170327,0,12.48971,43.44618,9.014297,359.6466,3.376758E-09
267.9327,0.9893246,0,12.59116,44.42303,9.01465,359.6466,3.376762E-09
268.9438,0.815002,0,12.80211,44.90928,9.015019,359.6466,0
269.9545,1.429777,0,12.81389,43.48383,9.015386,359.6466,-1.688384E-09
270.9668,0.6129757,0.03956468,12.8181,42.88392,9.015753,359.6466,-3.376772E-09
271.9804,0.3129718,0,12.82126,42.62807,9.016137,359.6466,-6.753552E-09
272.9911,0.02614976,13.97032,12.82126,42.65396,9.853809,345.6132,0.000357455
274.0063,0.1641547,14.18241,12.71298,42.57667,10.06098,356.9926,-6.565631E-05
275.0176,0.6646529,0.03956468,12.51343,42.00384,10.06341,356.9733,0
276.0294,0.2202417,0,12.3761,42.02906,10.064,356.9727,5.419473E-08
277.0399,1.04347,0,11.43354,42.04749,10.0646,356.9722,8.129225E-08
278.0536,1.31048,0.03956468,10.69616,43.08648,10.06518,356.9717,2.709746E-08
279.058,0.5098612,0,10.5739,43.50415,10.06578,356.9712,2.709752E-08
280.069,1.434459,0.03956468,10.70125,43.56763,10.06635,356.9707,5.419513E-08
281.0799,0.3610327,0.2537763,10.79216,43.40088,10.06695,356.9702,2.709762E-08
282.0836,2.9094,0.1978234,10.83481,46.29028,10.06753,356.9697,5.419533E-08
283.0946,0.7378678,0.1978234,10.90785,47.01202,10.06811,356.9692,8.129314E-08
284.1051,0.9105998,0.07912936,10.91861,47.91784,10.06847,356.9687,2.709774E-08
285.1169,0.2370039,0.03956468,10.9693,48.13094,10.06884,356.9681,0
286.1328,0.05569042,0,11.00322,48.17435,10.0692,356.9676,2.70978E-08
287.1439,1.353397,0.03956468,11.66071,49.33329,10.06957,356.9671,5.419567E-08
288.1567,1.119632,0,11.95188,50.04909,10.06992,356.9666,0
289.1673,0.03316363,0,11.92459,50.03529,10.07028,356.9661,-2.70979E-08
290.1814,0.279915,0,11.84716,50.28571,10.07064,356.9655,2.709792E-08
291.1938,0.7609235,0.03956468,12.31356,50.75794,10.07101,356.965,2.709795E-08
292.2046,6.079674E-06,0.03956468,12.31356,50.75794,10.07137,356.9645,2.709799E-08
293.2112,2.262924,0,12.86108,52.04813,10.07174,356.964,0
294.2219,1.332494,0,13.24568,52.14148,10.0721,356.9634,2.709805E-08
295.2325,0.2024605,0,13.23531,52.34367,10.07246,356.9629,2.709808E-08
296.2448,1.996769,0,13.12953,54.33764,10.07282,356.9624,2.709811E-08
297.2559,0.8759418,0,13.28951,53.70541,10.07318,356.9619,5.419627E-08
298.2679,0.1450914,0.03956468,13.37994,53.79237,10.07354,356.9614,5.419633E-08
299.2829,2.273387,0.09551759,13.29013,56.06187,10.07391,356.9609,2.70982E-08
300.2966,1.96323,0.03956468,13.18604,58.02234,10.07427,356.9603,2.709823E-08
301.3073,2.290877,0.03956468,13.24512,60.29506,10.07463,356.9598,2.709826E-08
302.3179,2.338368,0,13.12212,62.63019,10.075,356.9593,2.709829E-08
303.3284,2.29478,0.05595291,13.3741,64.83167,10.07529,356.9588,0
304.339,2.347507,0.03956468,14.93727,66.57314,10.07554,356.9584,0
305.3495,1.936838,0,15.47223,68.16917,10.07564,356.9582,2.709834E-08
306.3601,1.771576,0.8929185,15.79195,69.68933,10.07377,357.8138,-0.0002612401
307.3644,0.8470666,41.97827,15.54251,70.43107,14.46926,39.70694,-0.0022793
308.3749,0.7353407,4.774702,15.36504,69.79434,14.75214,44.61095,-0.002419081
309.3855,0.6987522,3.618018,15.34824,69.09607,15.90521,47.64321,6.125546E-05
310.3974,0.8715523,6.464707,15.32489,68.225,16.51961,45.89944,0.0003384024
311.4083,1.169592,0,14.93553,67.18625,16.51926,46.02476,-4.452655E-07
312.4087,0.6886898,0.174647,14.91717,66.49817,16.57513,45.61645,4.453945E-07
313.421,1.086656,0,14.48318,65.69437,16.57567,45.61575,1.336187E-06
314.4246,1.328913,0,14.55124,65.02699,16.57612,45.61559,-4.453968E-07
315.4363,1.75917,33.85032,15.68861,66.08698,17.15099,79.34407,0.02693566
316.4407,1.806105,23.65018,15.69062,65.36781,19.68874,101.8725,-5.440724E-05
317.4525,1.813502,66.9325,14.16621,64.79593,19.32377,35.18018,0.04720998
318.4546,2.093676,120.5515,13.66978,63.41257,26.4365,358.1862,0.6698081
319.4578,2.258317,185.3701,12.22079,63.13315,17.2195,165.1194,0.9041551
320.4684,1.249827,26.18659,12.8168,62.24007,10.83203,153.6195,0.0001971051
321.4789,0,12.40419,12.8168,62.24007,0,160.1254,0
322.4895,0,0,12.8168,62.24007,0,160.1254,0
323.5001,0,0,12.8168,62.24007,0,160.1254,0
324.5107,0.4939604,26.04734,12.5282,61.89792,25.52568,153.942,0.004873477
325.5212,2.099223,0.07912936,12.28696,59.8864,25.60724,153.9209,1.420151E-06
326.5318,2.289658,0,11.54451,57.72046,25.60753,153.921,4.733846E-07
327.5424,2.118076,0,12.10195,55.86862,25.60782,153.9211,4.733858E-07
328.5529,2.478355,0,11.96062,53.51895,25.60813,153.9212,4.73387E-07
329.5635,4.328186,0.03956468,13.72057,50.59694,25.60845,153.9213,4.733883E-07
330.5741,1.079819,0,14.45607,50.72805,25.60872,153.9214,1.893558E-06
331.5846,2.75892,0,13.34404,50.3949,25.60902,153.9214,4.733906E-07
332.5981,2.127205,37.59099,12.61517,48.44765,22.82938,116.4002,359.8694
333.608,2.218449,13.53979,13.71883,46.53247,23.44024,102.5552,-7.444546E-06
334.6122,1.824861,3.195641,14.83998,45.24237,24.35313,106.007,-7.497289E-05
335.6228,1.065621,0,15.7831,45.7367,24.35598,106.0167,0
336.6334,0.6869191,0.1350823,16.39214,46.05123,24.35632,106.0168,-2.811553E-06
337.6439,0.7304067,0.09551759,17.11452,46.01066,24.32821,106.2332,-9.369766E-07
338.6601,1.189497,0,18.25725,45.68041,24.32821,106.2333,-9.369766E-07
339.6707,1.580102,0,19.72549,45.97272,24.3282,106.2333,9.369766E-07
340.6735,1.83992,0,21.33836,46.85813,24.3282,106.2333,9.369766E-07
341.6841,4.57897,0,25.63746,47.55341,24.3282,106.2333,9.369766E-07
342.6947,2.112487,0,27.66574,46.96292,24.3282,106.2333,9.369766E-07
343.7054,2.2231,0,29.80021,46.34146,24.3282,106.2333,9.369766E-07
344.7158,2.221972,0,31.93359,45.7203,24.3282,106.2333,9.369766E-07
345.7265,2.293824,0,34.13596,45.07906,24.3282,106.2333,9.369766E-07
346.7371,2.28811,18.54424,36.40578,44.85935,24.08824,87.49092,359.9881
347.7374,2.145248,37.02715,38.21587,45.89856,23.05243,50.20784,-0.0001085604
348.743,2.190549,29.09851,40.05822,47.00378,25.80629,79.16868,359.9863
349.7443,2.228683,76.88763,41.72588,48.34324,343.0292,35.19325,0.03975841
350.7544,0.5764273,61.71488,42.05127,48.819,348.5441,36.48044,359.2971
351.7633,0.8067406,77.91197,42.42381,49.53114,344.4009,25.00224,359.9757
352.7787,2.875585,25.28769,43.03502,52.25066,0.7918044,40.60077,359.9376
353.7921,1.299231,17.56674,43.65855,53.3814,359.3924,22.7697,-7.365546E-05
354.8033,1.50004,0,44.23899,54.76458,359.3917,22.75952,-2.668193E-08
355.816,1.40784,0,44.29934,56.09548,359.3917,22.7594,4.002289E-08
356.8311,0.962999,0,43.93516,56.98696,359.3917,22.7594,4.002289E-08
357.8436,0.702706,0,43.66922,57.6374,359.3917,22.7594,4.002289E-08
358.8545,1.616435,0,43.05741,59.13358,359.3917,22.7594,4.002289E-08
359.8648,1.244779,0,42.58627,60.28575,359.3917,22.7594,4.002289E-08
360.8763,1.068177,0,42.18196,61.27446,359.3917,22.7594,4.002289E-08
361.8869,0.7247175,0,41.90764,61.94525,359.3917,22.7594,0
362.8887,0.6857985,0,41.64805,62.58002,359.3917,22.7594,0
363.8999,0.6995108,0,41.38327,63.22748,359.3917,22.7594,0
364.91,1.009373,0,41.31848,64.12781,359.3917,22.75939,-2.668193E-08
365.9206,1.448277,0,42.02634,65.35966,359.3917,22.75924,1.334097E-08
366.9312,1.117821,0,42.56801,66.31013,359.3917,22.75924,1.334097E-08
367.9419,0.7431591,0.6207638,43.2522,66.59943,359.5984,23.43587,-3.802054E-07
368.9523,1.167554,0,44.33799,67.02866,359.5991,23.43573,1.334054E-08
369.963,1.077692,0,45.32446,67.45018,359.5997,23.43585,2.001081E-08
370.9734,0.6843157,0,45.22511,68.10093,359.6003,23.43592,1.334054E-08
371.984,0.6921192,0,44.97696,68.74652,359.6009,23.43598,0
372.9951,0.6545656,0,45.47113,69.11684,359.6015,23.43598,0
374.0056,0.6980022,0,46.11991,69.37432,359.6021,23.43598,1.334053E-08
375.0162,0.8499033,0.03956468,46.91034,69.68665,359.6026,23.43614,0
376.0269,1.386315,12.99701,48.20186,70.18997,1.58866,36.27551,359.8591
377.0375,1.738807,47.7617,49.88051,69.83127,2.902066,52.84728,-0.003680215
378.0402,1.921233,45.8837,51.63167,69.20303,17.9734,89.12521,359.9794
379.0506,2.9612,31.26247,54.36123,68.65149,19.92213,71.63969,-0.002865114
380.0612,2.034363,0.1350823,54.94189,70.32553,19.83447,71.61317,0
381.0717,4.64361,0,59.20372,72.06743,19.83445,71.61317,0
382.0823,2.194433,0,60.22515,74.00618,19.83445,71.61317,0
383.0929,1.731502,0,61.00081,75.55423,19.83445,71.61317,0
384.1034,1.293323,0,61.58017,76.71053,19.83445,71.61317,0
385.114,0.8165563,2.223008,61.94923,77.43889,19.79771,73.99761,2.449998E-05
386.1246,0.6951489,2.930003,62.51846,77.53153,21.81405,76.36073,-6.437364E-06
387.1351,0.6815062,0.1514705,63.12459,77.31017,21.81505,76.36121,5.517779E-06
388.1459,0.6951266,0.09551759,63.53408,77.84094,21.81516,76.36119,2.758892E-06
389.1567,0.6815221,0,64.19177,78.01817,21.81516,76.36121,1.839261E-06
390.1668,0.8170263,0,64.97959,78.2297,21.81517,76.36121,1.839261E-06
391.1774,0.08243258,0,65.0508,78.26921,21.81517,76.36121,2.758892E-06
392.179,0,0,65.0508,78.26921,21.81517,76.36121,2.758892E-06
393.1894,0,0,65.0508,78.26921,21.81517,76.36121,2.758892E-06
394.2,0,0,65.0508,78.26921,21.81516,76.36121,3.678522E-06
395.2106,0,0,65.0508,78.26921,21.81516,76.36121,3.678522E-06
396.2216,0,0,65.0508,78.26921,21.81516,76.36121,4.598153E-06
397.2319,0,0,65.0508,78.26921,21.81516,76.36121,4.598153E-06
398.2422,0,0,65.0508,78.26921,21.81516,76.36121,4.598153E-06
399.2528,0,0,65.0508,78.26921,21.81516,76.36121,4.598153E-06
400.2636,0,0,65.0508,78.26921,21.81516,76.36121,4.598153E-06
401.274,0,0,65.0508,78.26921,21.81516,76.36121,4.598153E-06
402.285,0,0,65.0508,78.26921,21.81517,76.36121,2.758892E-06
403.2963,0.7032478,0,65.72295,78.46504,21.81517,76.36121,2.758892E-06
404.3065,0.8553874,0.09551759,65.88392,79.11557,21.81516,76.36122,0
405.3175,0,0,65.88392,79.11557,21.81516,76.3612,1.839261E-06
406.3284,0,0,65.88392,79.11557,21.81516,76.3612,1.839261E-06
407.3383,0,0,65.88392,79.11557,21.81516,76.3612,2.758892E-06
408.3544,0,0,65.88392,79.11557,21.81516,76.3612,2.758892E-06
409.3658,0,0,65.88392,79.11557,21.81517,76.36121,1.839261E-06
410.3764,0,1.047149,65.88392,79.11557,22.09796,75.28748,0.0009454204
411.3869,0,148.2433,65.88392,79.11557,15.93824,42.16362,0.05701825
412.3981,0.9715145,11.54769,64.95211,78.97006,17.65545,53.79217,-1.657556E-05
413.4081,1.597648,0,63.57982,78.46104,17.65576,53.79366,8.959778E-07
414.4188,2.341271,0,62.72446,76.35279,17.65576,53.79366,8.959778E-07
415.4292,1.737984,0,63.18293,75.3467,17.65576,53.79366,8.959778E-07
416.4398,1.371584,0,63.52553,76.2189,17.65576,53.79366,8.959778E-07
417.4503,1.718447,0,64.76276,75.10503,17.65576,53.79366,8.959778E-07
418.4609,0.716254,0,65.41344,75.34309,17.65576,53.79366,8.959778E-07
419.4723,0,0,65.41344,75.34309,17.65576,53.79366,8.959778E-07
420.4871,0.4019936,0,65.72611,75.54625,17.65576,53.79366,8.959778E-07
421.4977,1.722658,0,67.14475,76.14767,17.65576,53.79366,8.959778E-07
422.5082,1.693596,0,68.59068,76.52211,17.65576,53.79366,8.959778E-07
423.5089,1.708342,0,68.37343,75.88811,17.65576,53.79366,8.959778E-07
424.5194,1.580682,0,69.17372,74.98344,17.65576,53.79366,8.959778E-07
425.53,1.488399,0,70.56971,74.79085,17.65576,53.79366,8.959778E-07
426.5407,1.348409,0,71.83915,74.7986,17.65576,53.79366,8.959778E-07
427.5515,1.783226,0,73.53043,74.4156,17.65576,53.79366,8.959778E-07
428.5617,2.099273,0,75.60316,74.35876,17.65576,53.79366,8.959778E-07
429.5723,1.631023,0,77.18414,74.28244,17.65576,53.79366,8.959778E-07
430.5829,1.968682,0,78.65636,73.31245,17.65576,53.79366,8.959778E-07
431.5934,1.537405,0,79.93478,73.92256,17.65576,53.79366,8.959778E-07
432.6041,2.069008,0,80.91915,73.1496,17.65576,53.79366,8.959778E-07
433.6147,1.445613,0,81.4382,74.36699,17.65576,53.79366,8.959778E-07
434.6251,1.803122,0,82.38417,74.60278,17.65576,53.79366,8.959778E-07
435.6357,1.474647,0,81.81432,73.64912,17.65576,53.79366,8.959778E-07
436.6462,0.9558362,0,82.58784,74.20271,17.65576,53.79366,8.959778E-07
437.6568,1.533278,0,84.01897,74.59598,17.65576,53.79366,8.959778E-07
438.6678,1.284831,0,83.43265,74.70624,17.65576,53.79366,8.959778E-07
439.678,0.6436205,0,83.49584,74.14537,17.65576,53.79366,8.959778E-07
440.6782,1.058012,0,84.23184,73.57944,17.65576,53.79366,8.959778E-07
441.6888,0.6692151,0,84.75378,73.44449,17.65576,53.79366,8.959778E-07
442.6993,1.762635,0,86.41668,73.44174,17.65576,53.79366,8.959778E-07
443.7099,1.74579,0,88.10487,73.43469,17.65576,53.79366,8.959778E-07
444.7205,0.4167764,0,88.50708,73.44763,17.65576,53.79366,8.959778E-07
445.7312,0,0,88.50708,73.44763,17.65576,53.79366,8.959778E-07
446.7417,0.05623162,0,88.55196,73.41434,17.65576,53.79366,8.959778E-07
447.7523,1.795092,0,88.45202,71.7373,17.65576,53.79366,8.959778E-07
448.7629,1.385687,0,88.24019,70.3679,17.65576,53.79366,8.959778E-07
449.7734,0,89.10134,88.24019,70.3679,12.75717,139.4341,0.1978334
450.784,0.8858772,2.663034,88.06173,71.10716,10.25154,141.0313,3.231901E-05
451.7945,1.016864,0,88.83545,71.48483,10.2512,141.0316,-1.301435E-06
452.7961,1.20828,0,89.29542,70.48475,10.2512,141.0316,-1.301435E-06
453.8054,1.455202,0,88.98686,69.14238,10.2512,141.0316,-1.301435E-06
454.8167,1.659889,0,89.97456,68.35555,10.2512,141.0316,-1.301435E-06
455.8174,1.533968,0,89.55077,67.77995,10.2512,141.0316,-1.301435E-06
456.8276,1.785849,0,89.65187,66.27727,10.2512,141.0316,-1.301435E-06
457.8382,1.923219,0,89.40288,64.96642,10.2511,141.0316,2.169058E-07
458.8403,1.352663,0,89.51968,63.63607,10.25098,141.0317,-1.084529E-06
459.8595,1.663352,0.07912936,89.69588,62.05849,10.2508,141.0318,-4.338112E-07
460.8799,1.770897,0,90.00975,60.3696,10.25082,141.0317,6.507168E-07
461.884,3.051758E-05,0,90.00975,60.36957,10.25113,141.0316,0
462.8947,0,0,90.00975,60.36957,10.25146,141.0316,-2.16906E-07
463.9113,0,0,90.00975,60.36957,10.25176,141.0316,-8.67625E-07
464.9214,0,0,90.00975,60.36957,10.25213,141.0318,-4.33813E-07
465.9448,0,0,90.00975,60.36957,10.25245,141.0318,-2.169067E-07
466.9666,0,0,90.00975,60.36957,10.25276,141.0318,6.507208E-07
467.9797,0,0,90.00975,60.36957,10.25306,141.0316,8.676286E-07
468.98,0,0.03956468,90.00975,60.36957,10.25339,141.0315,2.169074E-07
469.9904,0,0,90.00975,60.36957,10.25368,141.0315,0
470.9993,0,0,90.00975,60.36957,10.25399,141.0314,-1.518354E-06
472.0242,0.05239407,0,89.97034,60.33518,10.25433,141.0313,-2.16908E-07
473.0404,0.620505,0,90.06589,59.8367,10.25467,141.0314,-6.507248E-07
474.062,0.5872741,0.118694,90.37739,59.42856,10.25505,141.0315,0
475.0836,0,0.03956468,90.37739,59.42856,10.25535,141.0315,0
476.0859,1.026069,0,91.00668,58.66343,10.25571,141.0316,-6.507269E-07
477.1002,1.860415,0,91.20507,56.83335,10.25606,141.0316,-1.301455E-06
478.119,0.990371,0.07912936,91.37456,55.88528,10.25641,141.0317,0
479.1419,2.286275,0.03956468,91.24624,53.60823,10.25678,141.0319,-4.338194E-07
480.1603,2.021994,0.03956468,91.5524,51.64674,10.25711,141.0319,-2.169099E-07
481.1671,0.7788443,0,91.76604,51.50675,10.25748,141.0321,-4.338204E-07
482.1829,1.310539,0,92.45798,50.46346,10.25784,141.0321,4.338208E-07
483.19,1.443332,0.07912936,91.72745,49.98586,10.25817,141.0321,-4.338213E-07
484.1943,1.496496,0,92.2791,49.12498,10.25851,141.032,-6.507325E-07
485.2203,1.725487,0,92.02229,47.81226,10.25886,141.0321,-6.507333E-07
486.2339,1.357969,0,91.60566,46.72166,10.2592,141.0321,2.169114E-07
487.2458,0.3727159,0.118694,91.81281,46.43507,10.25952,141.032,4.338231E-07
488.2612,1.471385,0,92.76053,45.38113,10.25983,141.0318,0
489.2709,1.610441,0,92.24232,44.73602,10.26015,141.0318,-6.50736E-07
490.2726,2.185079,0.118694,93.00304,42.83132,10.26048,141.0316,-8.67649E-07
491.2821,0.6952078,0,92.8345,42.19587,10.26081,141.0315,0
492.3023,0.8109919,0,92.98366,41.41271,10.26114,141.0314,4.338254E-07
493.3116,1.280579,0.07912936,92.43585,40.54638,10.26148,141.0314,0
494.3268,1.733443,0,93.83054,41.15522,10.26182,141.0313,-6.507394E-07
495.3441,0.03453913,0,93.86365,41.1457,10.26217,141.0314,-6.507402E-07
496.3622,0.8960358,49.77438,94.52958,40.59409,13.39079,103.5407,0.0007078117
497.3702,1.921954,57.05567,96.02832,40.279,10.39093,140.0561,0.0691519
498.3945,1.424673,50.63907,96.5267,41.26706,7.279215,91.44111,359.8195
499.422,1.160706,72.34629,97.58827,41.10193,10.72312,106.7674,359.8261
500.4435,1.081735,124.0805,98.38275,40.46656,10.4341,90.8536,359.2673
501.465,1.119556,28.29619,99.48862,40.40579,348.7083,87.8728,3.351911E-05
502.4846,1.750805,0,101.2382,40.47025,348.7025,87.89268,2.17661E-06
503.5038,1.215162,0,102.4526,40.51492,348.7025,87.89268,2.17661E-06
504.5069,1.57226,0,104.0238,40.57273,348.7025,87.89268,2.17661E-06
505.5235,1.282766,0,105.3057,40.61989,348.7025,87.89268,2.17661E-06
506.53,0,0,105.3057,40.61989,348.7025,87.89268,2.17661E-06
507.5427,0,0,105.3057,40.61989,348.7025,87.89268,2.17661E-06
508.5467,0,0,105.3057,40.61989,348.7025,87.89268,2.17661E-06
509.5504,0.7627149,0,106.0679,40.64793,348.7025,87.89268,2.17661E-06
510.5762,1.564786,0,107.6316,40.70546,348.7025,87.89268,2.17661E-06
511.5825,2.182121,0,109.5595,41.26207,348.7025,87.89268,2.17661E-06
512.6029,1.542503,0,111.0188,41.33969,348.7025,87.89268,2.17661E-06
513.6227,1.082613,0,111.7738,40.88165,348.7025,87.89268,2.17661E-06
514.6313,0.3132399,44.15878,112.0868,40.8932,359.2334,88.03995,0.006479441
515.6351,1.257913,8.95552,113.3305,41.0764,3.215103,80.15524,0.0001506079
516.6388,1.361311,0,114.6718,41.30921,3.217914,80.15063,3.206707E-07
517.6484,2.19252,0,116.832,41.68432,3.2185,80.15064,-4.275612E-07
518.6666,1.531147,0,118.0742,41.075,3.219093,80.1507,-2.137807E-07
519.672,0.7512701,0,117.7324,40.88456,3.219675,80.15067,5.344521E-07
520.6779,1.379616,0,117.216,41.5626,3.220247,80.15071,-4.275619E-07
521.6907,1.240546,0,118.4238,41.51887,3.220835,80.15073,6.413433E-07
522.7027,2.072317,0.03956468,120.4855,41.65302,3.221424,80.15076,-3.206718E-07
523.7192,0.4182202,0.03956468,120.8766,41.62542,3.222,80.15081,1.068907E-07
524.7222,2.030852,0,122.8846,41.8708,3.222583,80.15078,3.206722E-07
525.7249,1.669846,0,124.4819,41.91212,3.223158,80.15083,2.137816E-07
526.7309,1.16967,13.2881,125.5417,41.87112,353.0322,88.211,0.2235417
527.7488,1.478984,24.11622,126.9954,42.08378,339.8036,75.11649,-0.0007232174
528.7633,1.597403,0.3956468,128.5651,42.12082,339.7973,75.10021,-9.097441E-07
529.7722,2.015946,2.215623,130.5144,42.63336,339.7973,75.10021,-9.097441E-07
530.7849,1.501892,2.215623,131.4718,41.87261,339.7973,75.10021,-9.097441E-07
531.8007,1.400762,15.22895,132.5534,42.30482,354.1631,73.06358,0.004701561
532.8024,1.110018,29.70326,133.6105,42.34983,6.466781,69.45899,-0.002546574
533.813,1.958195,2.465916,135.4877,42.85682,8.290679,68.77127,0.0008614963
534.825,1.391844,34.2944,136.7651,42.50814,336.8979,78.31474,0.004285544
535.8284,1.115899,8.27138,137.7685,42.55335,343.7523,73.38209,0.007275288
536.8311,0.6300603,18.77011,138.3777,42.59127,327.4468,81.72307,0.09405677
537.8476,0.2912528,41.08353,138.6431,42.64069,1.03292,65.94942,0.009508315
538.8642,1.528808,22.86179,140.152,42.73247,6.058529,55.92966,0.0005138536
539.8776,1.054709,1.199191,140.8971,43.17386,6.099426,54.68684,-3.00522E-06
540.8945,2.291757,23.4103,142.9404,44.07611,7.515825,77.99182,0.0009890562
541.905,1.904595,32.11108,143.5569,44.354,5.458862,83.02574,359.9913
542.9222,2.222567,65.88715,142.2364,45.96091,358.3724,140.5433,0.1391626
543.9323,0.9337625,35.47044,142.2752,46.71539,3.017858,175.9271,-0.0005065233
544.9487,1.062615,16.2401,142.7211,47.58621,357.9103,160.449,-0.0002356381
545.965,0.4536322,0,142.6997,48.01706,357.9058,160.4433,-5.339652E-08
546.9783,1.813518,15.14635,142.6393,49.80729,11.68717,158.5294,0.0001654333
547.979,2.245583,19.47437,141.9346,51.93225,352.9735,163.4965,0.08443911
548.9812,1.162097,59.42565,141.4387,52.92421,353.6545,109.7547,0.1362568
549.9897,0.2161327,80.953,141.5105,53.10284,356.9703,37.46485,0.01777747
551.0084,2.073949,40.7784,142.8414,54.63489,359.0875,26.44258,-0.001990679
552.0262,0.6356107,16.01982,142.5991,54.85355,1.872118,17.02978,0.001402965
553.0314,1.223239,39.81438,142.0946,55.03486,358.7831,55.37235,0.04296118
554.0368,0.6508653,39.96307,142.2165,55.66576,358.9992,15.22825,-0.0003146636
555.0498,0.7717426,38.87417,142.3148,56.39149,0.07755122,54.00945,359.9201
556.0548,0.7348819,9.77775,141.7032,56.48954,0.3741541,63.99867,-1.728928E-05
557.0566,1.151761,0.03956468,141.9093,57.60294,0.374732,64.00043,-4.00215E-08
558.0684,2.117572,0,141.2448,59.34905,0.3753222,64.00043,0
559.0798,2.257023,0,140.2759,60.68089,0.3756438,64.00126,2.6681E-08
560.1008,1.845943,0,140.1999,62.26234,0.3761311,64.00044,2.6681E-08
561.1166,1.309942,12.38572,140.1245,63.38914,355.1337,52.89579,359.7458
562.1262,0.4691963,45.00433,140.3332,63.80746,12.17436,23.10433,0.01017552
563.1319,0.432754,3.078252,140.3627,64.22359,12.86896,22.7421,0.02024258
564.1364,1.261245,43.35047,140.1527,65.42767,24.74196,1.637831,0.00966548
565.1422,0.7261631,1.224707,140.0463,66.13522,25.01247,0.6143022,9.534656E-05
566.1439,1.324988,0,139.895,67.44048,25.01967,0.5881515,1.472165E-08
567.1492,1.614111,0,139.5918,69.00685,25.01967,0.5881507,-2.94433E-08
568.1628,0.7609858,0,139.3646,69.64526,25.01967,0.5881507,-1.472165E-08
569.1713,0.3575921,0,139.2706,69.98351,25.01967,0.5881507,-1.472165E-08
570.1837,0.7977288,0,139.251,70.77663,25.01966,0.5881507,0
571.1862,1.415465,0,138.7916,72.04597,25.01966,0.5881507,-1.472165E-08
572.1888,0.08172123,51.23977,138.8144,72.10216,30.87339,47.71702,359.9548
573.2025,1.35904,29.1579,138.7159,73.20325,24.12889,19.04701,-0.0002923472
574.2078,2.068284,31.17065,139.0723,74.72565,27.56319,41.40803,359.9904
575.2123,2.136668,0,139.8814,76.47458,27.53748,41.14841,-1.925714E-06
576.2178,0.6815102,23.73958,140.359,76.84538,25.12606,17.21264,-0.0002989325
577.2239,0.1689238,0,140.3845,77.00757,25.12565,17.19478,0
578.2308,0.004227642,0,140.383,77.01152,25.12566,17.19478,4.715008E-07
579.2364,0.2136042,0,140.4076,77.22046,25.12566,17.19478,0
580.2433,1.347506,0,140.454,77.99429,25.12565,17.19475,0
581.2454,1.69654,0,139.647,76.81229,25.12565,17.1948,0
582.2587,1.07626,0,140.3078,76.54746,25.12564,17.19477,0
583.2617,0.4122114,0,140.4965,76.83405,25.12564,17.19478,0
584.2709,1.769042,0,141.7083,77.7472,25.12564,17.19477,0
585.2823,2.139789,0,143.509,78.88455,25.12565,17.1948,0
586.2861,1.987832,0,144.0692,80.48405,25.12565,17.1948,4.715008E-07
587.3014,1.92183,0,145.7519,80.74167,25.12566,17.19478,4.715008E-07
588.3037,1.66516,0,145.4684,79.37354,25.12564,17.19478,-4.715008E-07
589.3204,1.299673,0,144.3192,78.76682,25.12565,17.1948,0
590.3204,1.026786,0,143.8417,78.4153,25.12564,17.19481,0
591.3268,0.0519304,0,143.8264,78.46321,25.12565,17.19476,0
592.3442,0.006070824,0,143.8205,78.46201,25.12565,17.19478,0
593.3622,1.14178,0,143.5666,78.51671,25.12565,17.1948,0
594.3794,1.424433,0,144.3784,77.82042,25.12565,17.19478,0
595.3837,1.121828,0,145.0798,77.97794,25.12564,17.19478,-4.715007E-07
596.3978,1.769394,0,144.6529,76.57469,25.12565,17.19475,0
597.4054,1.723673,0,144.7914,77.68639,25.12566,17.19476,4.715008E-07
598.4137,1.660366,0,144.7867,79.20323,25.12564,17.1948,0
599.4245,0.7221229,0,145.1689,78.8812,25.12566,17.19479,4.715008E-07
600.4323,0,0,145.1689,78.8812,25.12566,17.19478,0
601.4417,0.3185135,0,145.0105,79.02512,25.12565,17.1948,0
602.4521,2.067591,0,145.6881,78.20303,25.12564,17.1948,0
603.4683,0.3592498,0,145.9019,78.31316,25.12566,17.19479,4.715008E-07
604.4697,1.551293,0,146.9041,79.04547,25.12566,17.19478,0
605.4763,1.099103,0,147.4861,78.45927,25.12566,17.19479,4.715008E-07
606.4777,0.4752586,69.79447,147.8628,78.54124,25.91942,72.76913,-0.003469545
607.4843,1.977785,36.85028,149.2096,79.43866,37.95498,77.53592,359.7421
608.5026,0.06519678,75.36165,149.2728,79.42378,356.9987,70.95911,0.4230831
609.5157,0.8574243,54.1004,149.851,78.79816,27.60967,38.1187,0.01069571
610.5162,0.2031081,0.118694,150.0098,78.67157,27.71353,37.78321,2.89322E-06
611.5229,0.554498,0,149.9372,78.24873,27.71374,37.78316,-9.644084E-07
612.5271,0.4492514,0,149.815,78.50815,27.71374,37.78317,9.644085E-07
613.5402,0,128.9504,149.815,78.50815,21.95267,165.0751,0.4680074
614.5624,0.09076389,27.09475,149.7519,78.44406,21.60464,177.9336,0.005612738
615.5699,0.2499532,156.0537,149.6561,78.67291,18.91169,35.69846,359.9064
616.5864,0.1285103,60.79094,149.6633,78.79955,15.45137,334.8891,-0.001103471
617.5988,0,125.2549,149.6633,78.79955,9.497431,209.8474,359.9729
618.6012,0,70.45047,149.6633,78.79955,9.637747,139.9817,359.9551
619.6017,0.7344419,86.0606,150.2551,78.52957,11.0557,96.83556,0.0008486052
620.6156,1.608779,0,151.8521,78.33563,11.05677,96.9548,8.699214E-07
621.6199,2.685905,0.03956468,154.5182,78.01038,11.05711,96.95487,0
622.642,2.049721,8.832579,156.5526,77.76006,9.422455,105.5015,0.07504147
623.6562,0.805464,35.79501,157.2295,77.35378,10.38336,134.3352,0.007030268
624.6702,0.6943076,32.43338,157.822,77.0109,10.69028,101.9133,-0.0008019515
625.6824,0.6943623,0.1350823,158.5006,76.86433,10.5872,101.5842,-4.342798E-07
626.6997,0.69433,27.26537,159.187,76.83158,9.274118,76.70825,-0.001532059
627.7153,0.6808264,17.49396,159.8412,77.01339,9.386823,59.72779,0.00397893
628.7194,0.6943915,20.00278,160.3839,77.43835,9.567011,39.54728,-0.0001448076
629.723,0.6807851,14.76666,160.8076,77.97043,9.277484,24.78132,-0.001280765
630.7364,0.6378798,17.42472,161.0244,78.56827,9.32611,7.196028,0.005715739
631.7446,0.009168109,19.81641,161.0263,78.57722,8.877666,347.0421,-0.0007197087
632.7464,0,15.98807,161.0263,78.57722,9.079256,330.7815,0.0001175865
633.7594,0,15.8693,161.0263,78.57722,10.71064,325.681,0.003585129
634.7616,0,19.46181,161.0263,78.57722,8.893008,310.6716,0.002326324
635.7706,0,26.06824,161.0263,78.57722,8.9065,287.0836,8.037002E-05
636.785,0,35.2215,161.0263,78.57722,9.563196,251.7665,0.0007419955
637.7913,0.01906722,26.3469,161.0196,78.59474,10.68175,225.4068,0.0004583072
638.7933,0.644246,18.36189,160.5437,78.30147,12.70519,207.0047,0.001487627
639.8087,0.8144506,22.44453,160.1239,77.60446,12.39165,205.5613,0.0048731
640.8214,0.6807465,0,159.8283,76.99129,12.43252,205.3787,1.529982E-06
641.8242,0.6940963,5.378239,159.5331,76.36313,11.57044,200.0501,359.9916
642.827,0.6806698,25.71521,159.4122,75.70013,11.99032,174.7455,0.006852643
643.8303,0.6640444,9.910904,159.8023,75.29839,11.99101,177.8813,-0.0001755319
644.8484,0.6942298,12.86461,160.4941,75.34756,12.10073,166.7089,0.001757265
645.8678,0.6943183,18.15243,161.1358,75.60321,12.02946,148.737,359.993
646.8767,0.6807539,25.21798,161.6177,76.07149,11.90157,123.3029,8.725302E-07
647.8869,0.7802345,19.36532,161.94,76.77675,12.01893,108.2509,8.379925E-05
648.8874,1.436065,0.03956468,162.9472,77.55807,12.01587,108.4218,1.309348E-06
649.8904,0.6807396,0,163.5984,77.36089,12.01587,108.4218,-8.728989E-07
650.8992,0.6944122,0,164.2495,77.55637,12.01587,108.4218,-8.728989E-07
651.9065,0.6806955,0,164.8585,77.8604,12.01587,108.4218,-8.728989E-07
652.9108,0.7150058,0,165.498,78.18018,12.01587,108.4218,-8.728989E-07
653.9113,0.6806881,0,166.1068,78.48459,12.01587,108.4218,-8.728989E-07
654.9176,0.694302,0,166.7278,78.79509,12.01587,108.4218,-8.728989E-07
655.9276,0.7150262,0,167.3674,79.11488,12.01587,108.4218,-8.728989E-07
656.9423,0.694302,0,167.9884,79.42538,12.01587,108.4218,-8.728989E-07
657.9483,0.6807326,1.935234,168.5984,79.72734,11.57384,110.5492,0.0004279034
658.9619,0.6943936,0,169.2305,80.015,11.54644,110.6755,-1.307113E-06
659.9683,0.697865,0,169.8664,80.30246,11.54643,110.6755,-8.714085E-07
660.9712,0.680703,0,170.4866,80.58286,11.54643,110.6755,-8.714085E-07
661.9844,0.6942936,0,171.1193,80.86884,11.54643,110.6755,-8.714085E-07
662.985,0.6806969,0,171.7396,81.14922,11.54643,110.6755,-8.714085E-07
663.9894,0.6806905,0,172.3598,81.42958,11.54643,110.6755,-8.714085E-07
665.0015,0.694379,0,172.9231,81.26628,11.54643,110.6755,-8.714085E-07
666.0068,0.6808233,0,173.5273,80.96529,11.54643,110.6755,-8.714085E-07
667.0187,0.6945182,0,174.177,80.71985,11.54643,110.6755,-8.714085E-07
668.0214,1.470235,0,175.5525,80.20052,11.54643,110.6755,-8.714085E-07
669.0325,0.7494421,0,176.2654,80.27907,11.54643,110.6755,-8.714085E-07
670.0332,0.6807389,0,176.8862,80.5584,11.54643,110.6755,-8.714085E-07
671.0454,0.6943138,0,177.5188,80.84439,11.54643,110.6755,-8.714085E-07
672.0493,0.6806487,0,178.1391,81.12476,11.54643,110.6755,-8.714085E-07
673.0494,0.8181257,0,178.9161,81.25801,11.54643,110.6755,-8.714085E-07
674.0643,1.209384,0,180.0573,80.85913,11.54643,110.6755,-8.714085E-07
675.0729,0.8849005,0,180.8853,80.54678,11.54643,110.6755,-1.307113E-06
676.0874,1.110249,0,181.924,80.15474,11.54643,110.6755,-8.714085E-07
677.0991,0,0,181.924,80.15474,11.54643,110.6755,-8.714085E-07
678.0999,0,0,181.924,80.15474,11.54643,110.6755,-8.714085E-07
679.1086,0,0,181.924,80.15474,11.54643,110.6755,-8.714085E-07
680.1147,0,0,181.924,80.15474,11.54643,110.6755,-8.714085E-07
681.1273,0,38.66276,181.924,80.15474,12.33945,148.851,359.9892
682.131,1.592459,0.2036103,183.4822,79.85959,12.42721,149.2886,-2.404207E-06
683.1444,2.163181,28.55147,185.5889,79.73601,20.72362,122.0604,0.09374096
684.1558,2.371859,9.782075,186.7245,78.34546,19.96436,129.2963,0.0001744054
685.1685,3.192541,23.17865,186.9064,75.19081,17.94169,152.3496,0.01240092
686.1755,1.798333,1.071114,187.2942,73.5144,17.95491,153.5996,2.692444E-06
687.1756,1.978947,0,187.5598,71.62628,17.95504,153.5999,0
688.1779,2.136755,0,188.508,69.71147,17.95539,153.6001,-4.487419E-07
689.1943,2.168349,0,188.8426,67.64874,17.95569,153.6001,4.487427E-07
690.2036,1.462824,0.03956468,189.2335,66.47253,17.95587,153.5998,8.974863E-07
691.2162,1.579299,0.1978234,188.4881,65.19022,17.95613,153.6,-4.487439E-07
692.2188,8.583069E-06,0.05595291,188.4881,65.19022,17.95641,153.6,4.487445E-07
693.2286,8.46386E-06,0,188.4881,65.19022,17.9566,153.5999,-8.974899E-07
694.2441,8.761883E-06,0,188.4881,65.19022,17.9566,153.5999,-8.974899E-07
695.2495,8.46386E-06,0,188.4881,65.19022,17.9566,153.5999,-8.974899E-07
696.2497,0.1663897,0,188.4087,65.04564,17.9566,153.5999,-8.974899E-07
697.2616,2.32103,0,188.8704,62.9135,17.95659,153.6,0
698.2702,2.258096,0,188.5433,60.74531,17.95665,153.6,-8.974903E-07
699.2725,2.294075,0,188.6535,58.5868,17.95675,153.5999,8.974907E-07
700.2856,2.159581,0,189.2247,56.56951,17.95709,153.6001,4.487462E-07
701.2897,1.23076,0.07912936,188.6324,56.03069,17.95743,153.6001,1.346241E-06
702.2955,0.61555,0.1582587,188.1252,55.70973,17.95771,153.6001,4.487479E-07
703.3052,1.54877,0.03956468,187.6083,54.25235,17.958,153.5998,8.97497E-07
704.3138,2.470216,0.03956468,186.8204,51.91116,17.95814,153.5998,4.487489E-07
705.3175,3.808309,0,185.7021,48.28392,17.95843,153.6,4.487497E-07
706.325,2.09877,0.07912936,185.7687,46.29226,17.95871,153.5999,-8.975006E-07
707.3381,2.431542,0.03956468,185.0439,43.97568,17.95895,153.5999,-4.48751E-07
708.355,2.164357,0,185.9064,42.0051,17.95926,153.6001,-8.975035E-07
709.3566,2.202151,0,186.7517,39.98452,17.95956,153.6001,8.975051E-07
710.3713,2.281023,0.03956468,186.2681,37.79921,17.95988,153.6,4.487533E-07
711.372,2.173533,48.12001,186.1204,35.7397,19.33336,105.5296,0.01174607
712.3866,1.77888,29.58303,187.2755,34.40775,13.53996,98.64318,0.01210704
713.3906,1.280526,6.932312,188.4375,34.71868,13.82913,105.9009,-8.792608E-05
714.3907,0.7087629,10.26239,188.8854,35.10427,15.6483,116.1462,-0.001616338
715.3948,0.6848633,6.904937,188.362,34.83528,16.10223,123.2609,-0.0009215158
716.4086,1.061194,2.414131,187.7822,33.94735,16.55978,121.0328,1.692364E-05
717.4221,1.112988,0.03956468,186.9563,33.30931,16.56079,121.0276,2.226806E-06
718.4253,0.8237368,68.19965,187.0655,32.5242,20.09504,180.8779,359.4836
719.4259,1.3708,65.88697,187.0177,31.34905,10.76578,136.1,359.9937
720.4399,1.7436,62.70726,186.4756,29.79313,15.08394,165.8949,359.8872
721.4552,3.066188,4.57776,185.096,27.05616,14.53274,161.0738,-2.249083E-05
722.4694,2.354497,0,184.0922,24.92652,14.53267,161.073,2.204983E-07
723.4853,2.189898,0,183.5901,22.88865,14.53267,161.073,2.204983E-07
724.4929,2.201379,49.25089,184.6127,20.96769,20.32482,112.3144,0.01098015
725.5046,2.280511,0.2142116,185.5012,18.86737,20.40907,112.0186,0
726.5074,2.257642,51.60264,186.1549,16.75587,21.57467,162.9688,359.7962
727.5181,2.154577,32.19227,185.6447,14.98262,16.36809,138.4245,-0.0008026337
728.5343,2.228354,0,185.5124,12.76094,16.36308,138.4043,-4.449074E-07
729.5459,1.871511,0,185.4012,10.89273,16.36307,138.4043,1.77963E-06
730.561,0.9207897,0,185.3542,9.973263,16.36307,138.4043,1.77963E-06
731.5648,0.1335179,0,185.4791,9.931011,16.36307,138.4043,1.77963E-06
732.5677,0,0,185.4791,9.931011,16.36307,138.4043,1.77963E-06
733.5737,0,0,185.4791,9.931011,16.36307,138.4043,1.77963E-06
